{"multipart":[{"when":{"OR":[{"north":"none","south":"none","east":"none","west":"none"},{"north":"side|up","east":"side|up"},{"south":"side|up","east":"side|up"},{"south":"side|up","west":"side|up"},{"north":"side|up","west":"side|up"}]},"apply":{"model":"minecraft:block/redstone_dust_dot"}},{"when":{"north":"side|up"},"apply":{"model":"minecraft:block/redstone_dust_side"}},{"when":{"south":"side|up"},"apply":{"model":"minecraft:block/redstone_dust_side","y":180}},{"when":{"east":"side|up"},"apply":{"model":"minecraft:block/redstone_dust_side","y":90}},{"when":{"west":"side|up"},"apply":{"model":"minecraft:block/redstone_dust_side","y":270}},{"when":{"north":"up"},"apply":{"model":"minecraft:block/redstone_dust_up"}},{"when":{"east":"up"},"apply":{"model":"minecraft:block/redstone_dust_up","y":90}},{"when":{"south":"up"},"apply":{"model":"minecraft:block/redstone_dust_up","y":180}},{"when":{"west":"up"},"apply":{"model":"minecraft:block/redstone_dust_up","y":270}},{"when":{"north":"side|up","south":"side|up","east":"none","west":"none"},"apply":{"model":"minecraft:block/redstone_dust_strait"}},{"when":{"north":"none","south":"none","east":"side|up","west":"side|up"},"apply":{"model":"minecraft:block/redstone_dust_strait","y":90}}]}