{"credit":"Made by n3on_n3rd","credit":"Made by n3on_n3rd","parent":"block/block","textures":{"compost":"block/composter_compost","top":"block/composter_top","outside":"block/composter_side_level_4","bottom":"block/composter_bottom","particle":"block/partical","side":"block/composter_side"},"elements":[{"from":[0,0,0],"to":[2,16,16],"faces":{"north":{"uv":[14,0,16,16],"texture":"#side","cullface":"north"},"east":{"uv":[0,0,16,16],"texture":"#side","cullface":"up"},"south":{"uv":[0,0,2,16],"texture":"#side","cullface":"south"},"west":{"uv":[0,0,16,16],"texture":"#outside","cullface":"west"},"up":{"uv":[0,0,2,16],"texture":"#top","cullface":"up"}}},{"from":[14,0,0],"to":[16,16,16],"faces":{"north":{"uv":[0,0,2,16],"texture":"#side","cullface":"north"},"east":{"uv":[0,0,16,16],"texture":"#outside","cullface":"east"},"south":{"uv":[14,0,16,16],"texture":"#side","cullface":"south"},"west":{"uv":[0,0,16,16],"texture":"#side","cullface":"up"},"up":{"uv":[14,0,16,16],"texture":"#top","cullface":"up"}}},{"from":[2,0,0],"to":[14,16,2],"faces":{"north":{"uv":[2,0,14,16],"texture":"#outside","cullface":"north"},"south":{"uv":[2,0,14,16],"texture":"#side","cullface":"up"},"up":{"uv":[2,0,14,2],"texture":"#top","cullface":"up"}}},{"from":[2,0,14],"to":[14,16,16],"faces":{"north":{"uv":[2,0,14,16],"texture":"#side","cullface":"up"},"south":{"uv":[2,0,14,16],"texture":"#outside","cullface":"south"},"up":{"uv":[2,14,14,16],"texture":"#top","cullface":"up"}}},{"from":[0,0,0],"to":[16,9,16],"faces":{"up":{"uv":[0,0,16,16],"texture":"#compost","cullface":"up"},"down":{"uv":[0,0,16,16],"texture":"#bottom","cullface":"down"}}}]}