{"credit":"Made by n3on_n3rd","credit":"Made by n3on_n3rd","parent":"block/cube","textures":{"0":"block/dispenser_top","1":"block/furnace_top","2":"block/dispenser_front_vertical","particle":"block/partical"},"elements":[{"from":[0,0,0],"to":[16,16,16],"faces":{"north":{"uv":[0,0,16,16],"texture":"#0","cullface":"north"},"east":{"uv":[0,0,16,16],"texture":"#0","cullface":"east"},"south":{"uv":[0,0,16,16],"texture":"#0","cullface":"south"},"west":{"uv":[0,0,16,16],"texture":"#0","cullface":"west"},"up":{"uv":[0,0,16,16],"texture":"#2","cullface":"up"},"down":{"uv":[0,0,16,16],"texture":"#1","cullface":"down"}}}]}