{"credit":"Made by n3on_n3rd","credit":"Made by n3on_n3rd","ambientocclusion":false,"textures":{"particle":"block/partical","line":"block/redstone_dust_dot","overlay":"block/redstone_dust_overlay"},"elements":[{"from":[5,0.05,5],"to":[11,0.05,11],"shade":false,"faces":{"up":{"uv":[5,5,11,11],"texture":"#line","tintindex":0},"down":{"uv":[5,11,11,5],"texture":"#line","tintindex":0}}},{"from":[5,0.05,5],"to":[11,0.051,11],"shade":false,"faces":{"up":{"uv":[5,5,11,11],"texture":"#overlay"},"down":{"uv":[5,11,11,5],"texture":"#overlay"}}}]}