{"credit":"Made by n3on_n3rd","ambientocclusion":false,"textures":{"texture":"block/bamboo_large_leaves","particle":"block/partical"},"elements":[{"from":[0.8,0,8],"to":[15.2,16,8],"shade":false,"faces":{"north":{"uv":[0,0,16,16],"texture":"#texture","tintindex":0},"south":{"uv":[0,0,16,16],"texture":"#texture","tintindex":0}}},{"from":[8,0,0.8],"to":[8,16,15.2],"shade":false,"faces":{"west":{"uv":[0,0,16,16],"texture":"#texture","tintindex":0},"east":{"uv":[0,0,16,16],"texture":"#texture","tintindex":0}}}]}