{"credit":"Made by n3on_n3rd","parent":"block/block","elements":[{"from":[0,0,0],"to":[16,16,16],"faces":{"down":{"texture":"#down","cullface":"down"},"up":{"texture":"#up","rotation":180,"cullface":"up"},"north":{"texture":"#north","cullface":"north"},"south":{"texture":"#south","cullface":"south"},"west":{"texture":"#west","cullface":"west"},"east":{"texture":"#east","cullface":"east"}}}],"textures":{"particle":"block/partical","down":"#end","up":"#end","north":"#side","east":"#side","south":"#side","west":"#side"}}