{"credit":"Made by n3on_n3rd","ambientocclusion":false,"textures":{"particle":"block/partical","outside":"block/hopper_outside","inside":"block/hopper_inside","top":"block/hopper_top"},"elements":[{"from":[0,11,0],"to":[2,16,16],"faces":{"north":{"uv":[14,0,16,5],"texture":"#outside","cullface":"north"},"east":{"uv":[0,1,16,6],"texture":"#outside"},"south":{"uv":[0,0,2,5],"texture":"#outside","cullface":"south"},"west":{"uv":[0,0,16,5],"texture":"#outside","cullface":"west"},"up":{"uv":[0,0,2,16],"texture":"#top","cullface":"up"}}},{"from":[14,11,0],"to":[16,16,16],"faces":{"north":{"uv":[0,0,2,5],"texture":"#outside","cullface":"north"},"east":{"uv":[0,0,16,5],"texture":"#outside","cullface":"east"},"south":{"uv":[14,0,16,5],"texture":"#outside","cullface":"south"},"west":{"uv":[0,1,16,6],"texture":"#outside"},"up":{"uv":[14,0,16,16],"texture":"#top","cullface":"up"}}},{"from":[2,11,0],"to":[14,16,2],"faces":{"north":{"uv":[2,0,14,5],"texture":"#outside","cullface":"north"},"south":{"uv":[2,1,14,6],"texture":"#outside"},"up":{"uv":[2,0,14,2],"texture":"#top","cullface":"up"}}},{"from":[2,11,14],"to":[14,16,16],"faces":{"north":{"uv":[2,1,14,6],"texture":"#outside"},"south":{"uv":[2,0,14,5],"texture":"#outside","cullface":"south"},"up":{"uv":[2,14,14,16],"texture":"#top","cullface":"up"}}},{"from":[0,10,0],"to":[16,11,16],"faces":{"north":{"uv":[0,5,16,6],"texture":"#outside","cullface":"north"},"east":{"uv":[0,5,16,6],"texture":"#outside","cullface":"east"},"south":{"uv":[0,5,16,6],"texture":"#outside","cullface":"south"},"west":{"uv":[0,5,16,6],"texture":"#outside","cullface":"west"},"up":{"uv":[0,0,16,16],"texture":"#inside"},"down":{"uv":[0,0,16,16],"texture":"#inside"}}},{"from":[4,4,4],"to":[12,10,12],"faces":{"north":{"uv":[4,6,12,12],"texture":"#outside"},"east":{"uv":[4,6,12,12],"texture":"#outside"},"south":{"uv":[4,6,12,12],"texture":"#outside"},"west":{"uv":[4,6,12,12],"texture":"#outside"},"down":{"uv":[4,4,12,12],"texture":"#inside"}}},{"from":[6,0,6],"to":[10,4,10],"faces":{"north":{"uv":[6,12,10,16],"texture":"#outside"},"east":{"uv":[6,12,10,16],"texture":"#outside"},"south":{"uv":[6,12,10,16],"texture":"#outside"},"west":{"uv":[6,12,10,16],"texture":"#outside"},"down":{"uv":[6,6,10,10],"texture":"#inside","cullface":"down"}}}]}