{"credit":"Made by n3on_n3rd","ambientocclusion":false,"textures":{"inside":"block/hopper_inside","particle":"block/partical","outside":"block/hopper_outside","top":"block/hopper_top","arrow":"block/hopper_arrow"},"elements":[{"name":"Element","from":[0,11,0],"to":[2,16,16],"faces":{"north":{"uv":[14,0,16,5],"texture":"#outside","cullface":"north"},"east":{"uv":[0,1,16,6],"texture":"#outside"},"south":{"uv":[0,0,2,5],"texture":"#outside","cullface":"south"},"west":{"uv":[0,0,16,5],"texture":"#arrow","cullface":"west"},"up":{"uv":[0,0,2,16],"texture":"#top","cullface":"up"}}},{"name":"Element","from":[14,11,0],"to":[16,16,16],"faces":{"north":{"uv":[0,0,2,5],"texture":"#outside","cullface":"north"},"east":{"uv":[0,6,16,11],"texture":"#arrow","cullface":"east"},"south":{"uv":[14,0,16,5],"texture":"#outside","cullface":"south"},"west":{"uv":[0,1,16,6],"texture":"#outside"},"up":{"uv":[14,0,16,16],"texture":"#top","cullface":"up"}}},{"name":"Element","from":[2,11,0],"to":[14,16,2],"faces":{"north":{"uv":[2,0,14,5],"texture":"#outside","cullface":"north"},"south":{"uv":[2,1,14,6],"texture":"#outside"},"up":{"uv":[2,0,14,2],"texture":"#top","cullface":"up"}}},{"name":"Element","from":[2,11,14],"to":[14,16,16],"faces":{"north":{"uv":[2,1,14,6],"texture":"#outside"},"south":{"uv":[2,0,14,5],"texture":"#outside","cullface":"south"},"up":{"uv":[2,14,14,16],"texture":"#top","cullface":"up"}}},{"name":"Element","from":[0,10,0],"to":[16,11,16],"faces":{"north":{"uv":[0,5,16,6],"texture":"#outside","cullface":"north"},"east":{"uv":[0,5,16,6],"texture":"#outside","cullface":"east"},"south":{"uv":[0,5,16,6],"texture":"#outside","cullface":"south"},"west":{"uv":[0,5,16,6],"texture":"#outside","cullface":"west"},"up":{"uv":[0,0,16,16],"texture":"#top"},"down":{"uv":[0,0,16,16],"texture":"#inside"}}},{"name":"Element","from":[4,4,4],"to":[12,10,12],"faces":{"north":{"uv":[4,6,12,12],"texture":"#outside"},"east":{"uv":[4,6,12,12],"texture":"#outside"},"south":{"uv":[4,6,12,12],"texture":"#outside"},"west":{"uv":[4,6,12,12],"texture":"#outside"},"down":{"uv":[4,4,12,12],"texture":"#inside"}}},{"name":"Element","from":[6,4,0],"to":[10,8,4],"faces":{"north":{"uv":[16,8,12,12],"texture":"#outside","cullface":"north"},"east":{"uv":[12,8,16,12],"texture":"#outside"},"west":{"uv":[0,8,4,12],"texture":"#outside"},"up":{"uv":[0,0,4,4],"texture":"#outside"},"down":{"uv":[6,12,10,16],"texture":"#inside"}}}]}