{"credit":"Made by n3on_n3rd","ambientocclusion":false,"textures":{"line":"block/redstone_dust_line","overlay":"block/redstone_dust_overlay"},"elements":[{"from":[6,0,0],"to":[10,16.05,0.05],"shade":false,"faces":{"north":{"uv":[10,0,6,16],"texture":"#line","tintindex":0},"south":{"uv":[6,0,10,16],"texture":"#line","tintindex":0},"up":{"uv":[6,0,10,0.5],"texture":"#line","tintindex":0}}},{"from":[6,0,0.05],"to":[10,16,0.051],"shade":false,"faces":{"north":{"uv":[10,0,6,16],"texture":"#overlay"},"south":{"uv":[6,0,10,16],"texture":"#overlay"}}}]}