{"credit":"Made by n3on_n3rd","ambientocclusion":false,"textures":{"particle":"block/partical","line":"block/redstone_dust_line","overlay":"block/redstone_dust_overlay"},"elements":[{"from":[6,0.051,0],"to":[10,0.051,5.5],"shade":false,"faces":{"up":{"uv":[6,0,10,5.5],"texture":"#line","tintindex":0},"down":{"uv":[6,5.5,10,0],"texture":"#line","tintindex":0}}},{"from":[6,0.051,0],"to":[10,0.052,5.5],"shade":false,"faces":{"up":{"uv":[6,0,10,8],"texture":"#overlay"},"down":{"uv":[6,8,10,0],"texture":"#overlay"}}}]}