{"credit":"Made by n3on_n3rd","ambientocclusion":false,"textures":{"particle":"block/partical","slab":"block/smooth_stone","top":"block/repeater","unlit":"block/redstone_torch_off"},"elements":[{"from":[0,0,0],"to":[16,2,16],"faces":{"down":{"uv":[0,0,16,16],"texture":"#slab","cullface":"down"},"up":{"uv":[0,0,16,16],"texture":"#top"},"north":{"uv":[0,14,16,16],"texture":"#slab","cullface":"north"},"south":{"uv":[0,14,16,16],"texture":"#slab","cullface":"south"},"west":{"uv":[0,14,16,16],"texture":"#slab","cullface":"west"},"east":{"uv":[0,14,16,16],"texture":"#slab","cullface":"east"}}},{"from":[7,2,8],"to":[9,7,10],"faces":{"down":{"uv":[7,13,9,15],"texture":"#unlit"},"up":{"uv":[7,6,9,8],"texture":"#unlit"},"north":{"uv":[7,6,9,11],"texture":"#unlit"},"south":{"uv":[7,6,9,11],"texture":"#unlit"},"west":{"uv":[7,6,9,11],"texture":"#unlit"},"east":{"uv":[7,6,9,11],"texture":"#unlit"}}},{"from":[7,2,2],"to":[9,7,4],"faces":{"down":{"uv":[7,13,9,15],"texture":"#unlit"},"up":{"uv":[7,6,9,8],"texture":"#unlit"},"north":{"uv":[7,6,9,11],"texture":"#unlit"},"south":{"uv":[7,6,9,11],"texture":"#unlit"},"west":{"uv":[7,6,9,11],"texture":"#unlit"},"east":{"uv":[7,6,9,11],"texture":"#unlit"}}}]}