{"credit":"Made by n3on_n3rd","credit":"Made by n3on_n3rd","ambientocclusion":false,"textures":{"particle":"#partical"},"elements":[{"from":[0,-1,8],"to":[16,5,8],"rotation":{"angle":45,"axis":"y","origin":[8,8,8],"rescale":true},"faces":{"north":{"uv":[0,0,16,6],"texture":"#stem"},"south":{"uv":[16,0,0,6],"texture":"#stem"}}},{"from":[8,-1,0],"to":[8,5,16],"rotation":{"angle":45,"axis":"y","origin":[8,8,8],"rescale":true},"faces":{"east":{"uv":[16,0,0,6],"texture":"#stem"},"west":{"uv":[0,0,16,6],"texture":"#stem"}}}]}