{"providers":[{"type":"ttf","file":"minecraft:negative_spaces.ttf","shift":[0.0,0.0],"size":12.0,"oversample":1.0},{"type":"bitmap","file":"minecraft:gui/container/brewing_guide_left.png","ascent":13,"height":128,"chars":["\uEff1"]},{"type":"bitmap","file":"minecraft:gui/container/brewing_guide_center_left.png","ascent":13,"height":128,"chars":["\uEff2"]},{"type":"bitmap","file":"minecraft:gui/container/brewing_guide_center_right.png","ascent":13,"height":128,"chars":["\uEff3"]},{"type":"bitmap","file":"minecraft:gui/container/brewing_guide_right.png","ascent":13,"height":128,"chars":["\uEff4"]}]}