{
	"credit": "Made by n3on_n3rd",
	"textures": {
		"particle": "block/acacia_trapdoor",
		"texture": "block/acacia_trapdoor"
	},
	"elements": [
		{
			"from": [0, 0, 0],
			"to": [2, 1, 16],
			"faces": {
				"north": {"uv": [0, 0, 2, 0.5], "texture": "#texture"},
				"east": {"uv": [1.5, 0, 2, 16], "rotation": 90, "texture": "#texture"},
				"south": {"uv": [0, 0, 2, 0.5], "texture": "#texture"},
				"west": {"uv": [0, 0, 0.5, 16], "texture": "#texture"},
				"up": {"uv": [0, 16, 2, 0], "texture": "#texture"},
				"down": {"uv": [0, 0, 2, 16], "texture": "#texture"}
			}
		},
		{
			"from": [14, 0, 0],
			"to": [16, 1, 16],
			"faces": {
				"north": {"uv": [14, 0, 16, 0.5], "texture": "#texture"},
				"east": {"uv": [15.5, 0, 16, 16], "rotation": 90, "texture": "#texture"},
				"south": {"uv": [14, 0, 16, 0.5], "texture": "#texture"},
				"west": {"uv": [14, 0, 14.5, 16], "rotation": 90, "texture": "#texture"},
				"up": {"uv": [14, 16, 16, 0], "texture": "#texture"},
				"down": {"uv": [14, 0, 16, 16], "texture": "#texture"}
			}
		},
		{
			"from": [2, 0, 0],
			"to": [14, 1, 3],
			"faces": {
				"north": {"uv": [14, 15.5, 2, 16], "texture": "#texture"},
				"south": {"uv": [2, 13, 14, 13.5], "texture": "#texture"},
				"up": {"uv": [2, 16, 14, 13], "texture": "#texture"},
				"down": {"uv": [2, 13, 14, 16], "texture": "#texture"}
			}
		},
		{
			"from": [2, 0, 13],
			"to": [14, 1, 16],
			"faces": {
				"north": {"uv": [14, 2.5, 2, 3], "texture": "#texture"},
				"south": {"uv": [2, 0, 14, 0.5], "texture": "#texture"},
				"up": {"uv": [2, 3, 14, 0], "texture": "#texture"},
				"down": {"uv": [2, 0, 14, 3], "texture": "#texture"}
			}
		},
		{
			"from": [9, 0, 3],
			"to": [12, 1, 13],
			"faces": {
				"east": {"uv": [11.5, 3, 12, 13], "rotation": 90, "texture": "#texture"},
				"west": {"uv": [9, 3, 9.5, 13], "texture": "#texture"},
				"up": {"uv": [9, 13, 12, 3], "texture": "#texture"},
				"down": {"uv": [9, 3, 12, 13], "texture": "#texture"}
			}
		},
		{
			"from": [4, 0, 3],
			"to": [7, 1, 13],
			"faces": {
				"east": {"uv": [6.5, 3, 7, 13], "rotation": 90, "texture": "#texture"},
				"west": {"uv": [4, 3, 4.5, 13], "texture": "#texture"},
				"up": {"uv": [4, 13, 7, 3], "texture": "#texture"},
				"down": {"uv": [4, 3, 7, 13], "texture": "#texture"}
			}
		}
	]
}