{
	"credit": "Made by n3on_n3rd",
	"textures": {
		"particle": "block/acacia_door_bottom",
		"bottom": "block/acacia_door_bottom"
	},
	"elements": [
		{
			"from": [0, 0, 0],
			"to": [1, 16, 3],
			"faces": {
				"north": {"uv": [0, 0, 0.5, 16], "texture": "#bottom"},
				"east": {"uv": [3, 0, 0, 16], "texture": "#bottom"},
				"south": {"uv": [2.5, 0, 3, 16], "texture": "#bottom"},
				"west": {"uv": [0, 0, 3, 16], "texture": "#bottom"},
				"down": {"uv": [13, 15.5, 16, 16], "rotation": 90, "texture": "#bottom"}
			}
		},
		{
			"from": [0, 0, 13],
			"to": [1, 16, 16],
			"faces": {
				"north": {"uv": [13, 0, 13.5, 16], "texture": "#bottom"},
				"east": {"uv": [16, 0, 13, 16], "texture": "#bottom"},
				"south": {"uv": [15.5, 0, 16, 16], "texture": "#bottom"},
				"west": {"uv": [13, 0, 16, 16], "texture": "#bottom"},
				"down": {"uv": [0, 15.5, 3, 16], "rotation": 90, "texture": "#bottom"}
			}
		},
		{
			"from": [0, 0, 3],
			"to": [1, 3, 13],
			"faces": {
				"east": {"uv": [13, 13, 3, 16], "texture": "#bottom"},
				"west": {"uv": [3, 13, 13, 16], "texture": "#bottom"},
				"up": {"uv": [3, 13, 13, 13.5], "rotation": 90, "texture": "#bottom"},
				"down": {"uv": [3, 15.5, 13, 16], "rotation": 90, "texture": "#bottom"}
			}
		},
		{
			"from": [0, 15, 3],
			"to": [1, 16, 13],
			"faces": {
				"east": {"uv": [13, 0, 3, 1], "texture": "#bottom"},
				"west": {"uv": [3, 0, 13, 1], "texture": "#bottom"},
				"down": {"uv": [13, 0.5, 3, 1], "rotation": 90, "texture": "#bottom"}
			}
		},
		{
			"from": [0, 3, 9],
			"to": [1, 15, 11],
			"faces": {
				"north": {"uv": [9, 1, 9.5, 13], "texture": "#bottom"},
				"east": {"uv": [11, 1, 9, 13], "texture": "#bottom"},
				"south": {"uv": [10.5, 1, 11, 13], "texture": "#bottom"},
				"west": {"uv": [9, 1, 11, 13], "texture": "#bottom"}
			}
		},
		{
			"from": [0, 3, 5],
			"to": [1, 15, 7],
			"faces": {
				"north": {"uv": [5, 1, 5.5, 13], "texture": "#bottom"},
				"east": {"uv": [7, 1, 5, 13], "texture": "#bottom"},
				"south": {"uv": [6.5, 1, 7, 13], "texture": "#bottom"},
				"west": {"uv": [5, 1, 7, 13], "texture": "#bottom"}
			}
		}
	]
}