{
	"credit": "Made by n3on_n3rd",
	"parent": "minecraft:block/door_top",
	"textures": {
		"particle": "block/acacia_door_top",
		"top": "block/acacia_door_top"
	},
	"elements": [
		{
			"from": [0, 0, 0],
			"to": [1, 16, 3],
			"faces": {
				"north": {"uv": [0, 0, 0.5, 16], "texture": "#top"},
				"east": {"uv": [3, 0, 0, 16], "texture": "#top"},
				"south": {"uv": [2.5, 0, 3, 16], "texture": "#top"},
				"west": {"uv": [0, 0, 3, 16], "texture": "#top"},
				"up": {"uv": [0, 0, 3, 0.5], "rotation": 90, "texture": "#top"}
			}
		},
		{
			"from": [0, 0, 13],
			"to": [1, 16, 16],
			"faces": {
				"north": {"uv": [13, 0, 13.5, 16], "texture": "#top"},
				"east": {"uv": [16, 0, 13, 16], "texture": "#top"},
				"south": {"uv": [15.5, 0, 16, 16], "texture": "#top"},
				"west": {"uv": [13, 0, 16, 16], "texture": "#top"},
				"up": {"uv": [13, 0, 16, 0.5], "rotation": 90, "texture": "#top"}
			}
		},
		{
			"from": [0, 0, 3],
			"to": [1, 1, 13],
			"faces": {
				"east": {"uv": [13, 15, 3, 16], "texture": "#top"},
				"west": {"uv": [3, 15, 13, 16], "texture": "#top"},
				"up": {"uv": [3, 15, 13, 15.5], "rotation": 90, "texture": "#top"}
			}
		},
		{
			"from": [0, 13, 3],
			"to": [1, 16, 13],
			"faces": {
				"east": {"uv": [13, 0, 3, 3], "texture": "#top"},
				"west": {"uv": [3, 0, 13, 3], "texture": "#top"},
				"up": {"uv": [3, 0, 13, 0.5], "rotation": 90, "texture": "#top"},
				"down": {"uv": [13, 2.5, 3, 3], "rotation": 90, "texture": "#top"}
			}
		},
		{
			"from": [0, 1, 9],
			"to": [1, 13, 11],
			"faces": {
				"north": {"uv": [9, 3, 9.5, 15], "texture": "#top"},
				"east": {"uv": [11, 3, 9, 15], "texture": "#top"},
				"south": {"uv": [10.5, 3, 11, 15], "texture": "#top"},
				"west": {"uv": [9, 3, 11, 15], "texture": "#top"}
			}
		},
		{
			"from": [0, 1, 5],
			"to": [1, 13, 7],
			"faces": {
				"north": {"uv": [5, 3, 5.5, 15], "texture": "#top"},
				"east": {"uv": [7, 3, 5, 15], "texture": "#top"},
				"south": {"uv": [6.5, 3, 7, 15], "texture": "#top"},
				"west": {"uv": [5, 3, 7, 15], "texture": "#top"}
			}
		}
	]
}