{"credit":"Made by n3on_n3rd","ambientocclusion":false,"textures":{"slab":"block/smooth_stone","particle":"block/comparator_on","top":"block/comparator_on","lit":"block/redstone_torch"},"elements":[{"from":[0,0,0],"to":[16,2,16],"faces":{"north":{"uv":[0,14,16,16],"texture":"#slab","cullface":"north"},"east":{"uv":[0,14,16,16],"texture":"#slab","cullface":"east"},"south":{"uv":[0,14,16,16],"texture":"#slab","cullface":"south"},"west":{"uv":[0,14,16,16],"texture":"#slab","cullface":"west"},"up":{"uv":[0,0,16,16],"texture":"#top"},"down":{"uv":[0,0,16,16],"texture":"#slab","cullface":"down"}}},{"from":[4,2,11],"to":[6,7.5,13],"faces":{"north":{"uv":[7,5.5,9,11],"texture":"#lit"},"east":{"uv":[7,5.5,9,11],"texture":"#lit"},"south":{"uv":[7,5.5,9,11],"texture":"#lit"},"west":{"uv":[7,5.5,9,11],"texture":"#lit"},"up":{"uv":[7,6,9,8],"texture":"#lit"}}},{"from":[4,4.99,10.505],"to":[6,7.015,13.495],"faces":{"north":{"uv":[7,6,9,8],"texture":"#lit"},"east":{"uv":[6.5,6,9.5,8],"texture":"#lit"},"south":{"uv":[7,6,9,8],"texture":"#lit"},"west":{"uv":[6.5,6,9.5,8],"texture":"#lit"},"up":{"uv":[7,5.5,9,8.5],"texture":"#lit"},"down":{"uv":[7,5.5,9,8.5],"texture":"#lit"}}},{"from":[3.505,4.99,11],"to":[6.495,7.015,13],"faces":{"north":{"uv":[6.5,6,9.5,8],"texture":"#lit"},"east":{"uv":[7,6,9,8],"texture":"#lit"},"south":{"uv":[6.5,6,9.5,8],"texture":"#lit"},"west":{"uv":[7,6,9,8],"texture":"#lit"},"up":{"uv":[6.5,6,9.5,8],"texture":"#lit"},"down":{"uv":[6.5,6,9.5,8],"texture":"#lit"}}},{"from":[10,2,11],"to":[12,7.5,13],"faces":{"north":{"uv":[7,5.5,9,11],"texture":"#lit"},"east":{"uv":[7,5.5,9,11],"texture":"#lit"},"south":{"uv":[7,5.5,9,11],"texture":"#lit"},"west":{"uv":[7,5.5,9,11],"texture":"#lit"},"up":{"uv":[7,6,9,8],"texture":"#lit"}}},{"from":[10,4.99,10.505],"to":[12,7.015,13.495],"faces":{"north":{"uv":[7,6,9,8],"texture":"#lit"},"east":{"uv":[6.5,6,9.5,8],"texture":"#lit"},"south":{"uv":[7,6,9,8],"texture":"#lit"},"west":{"uv":[6.5,6,9.5,8],"texture":"#lit"},"up":{"uv":[7,5.5,9,8.5],"texture":"#lit"},"down":{"uv":[7,5.5,9,8.5],"texture":"#lit"}}},{"from":[9.505,4.99,11],"to":[12.495,7.015,13],"faces":{"north":{"uv":[6.5,6,9.5,8],"texture":"#lit"},"east":{"uv":[7,6,9,8],"texture":"#lit"},"south":{"uv":[6.5,6,9.5,8],"texture":"#lit"},"west":{"uv":[7,6,9,8],"texture":"#lit"},"up":{"uv":[6.5,6,9.5,8],"texture":"#lit"},"down":{"uv":[6.5,6,9.5,8],"texture":"#lit"}}},{"from":[7,2,2],"to":[9,4.5,4],"faces":{"north":{"uv":[7,5.5,9,8],"texture":"#lit"},"east":{"uv":[7,5.5,9,8],"texture":"#lit"},"south":{"uv":[7,5.5,9,8],"texture":"#lit"},"west":{"uv":[7,5.5,9,8],"texture":"#lit"},"up":{"uv":[7,6,9,8],"texture":"#lit"}}},{"from":[7,1.99,1.505],"to":[9,4.015,4.495],"faces":{"north":{"uv":[7,6,9,8],"texture":"#lit"},"east":{"uv":[6.5,6,9.5,8],"texture":"#lit"},"south":{"uv":[7,6,9,8],"texture":"#lit"},"west":{"uv":[6.5,6,9.5,8],"texture":"#lit"},"up":{"uv":[7,5.5,9,8.5],"texture":"#lit"},"down":{"uv":[7,5.5,9,8.5],"texture":"#lit"}}},{"from":[6.505,1.99,2],"to":[9.495,4.015,4],"faces":{"north":{"uv":[6.5,6,9.5,8],"texture":"#lit"},"east":{"uv":[7,6,9,8],"texture":"#lit"},"south":{"uv":[6.5,6,9.5,8],"texture":"#lit"},"west":{"uv":[7,6,9,8],"texture":"#lit"},"up":{"uv":[6.5,6,9.5,8],"texture":"#lit"},"down":{"uv":[6.5,6,9.5,8],"texture":"#lit"}}}]}