{"credit":"Made by n3on_n3rd","textures":{"1":"block/ladder","particle":"block/ladder"},"elements":[{"name":"1","from":[0,13,14],"to":[16,15,16],"faces":{"north":{"uv":[0,1,16,3],"texture":"#1"},"east":{"uv":[0,1,2,3],"texture":"#1","cullface":"east"},"south":{"uv":[0,1,16,3],"texture":"#1","cullface":"south"},"west":{"uv":[14,1,16,3],"texture":"#1","cullface":"west"},"up":{"uv":[0,1,16,3],"texture":"#1"},"down":{"uv":[0,3,16,1],"texture":"#1"}}},{"name":"2","from":[0,9,14],"to":[16,11,16],"faces":{"north":{"uv":[0,5,16,7],"texture":"#1"},"east":{"uv":[0,5,2,7],"texture":"#1","cullface":"east"},"south":{"uv":[0,5,16,7],"texture":"#1","cullface":"south"},"west":{"uv":[14,5,16,7],"texture":"#1","cullface":"west"},"up":{"uv":[0,5,16,7],"texture":"#1"},"down":{"uv":[0,7,16,5],"texture":"#1"}}},{"name":"3","from":[0,5,14],"to":[16,7,16],"faces":{"north":{"uv":[0,9,16,11],"texture":"#1"},"east":{"uv":[0,9,2,11],"texture":"#1","cullface":"east"},"south":{"uv":[0,9,16,11],"texture":"#1","cullface":"south"},"west":{"uv":[14,9,16,11],"texture":"#1","cullface":"west"},"up":{"uv":[0,9,16,11],"texture":"#1"},"down":{"uv":[0,11,16,9],"texture":"#1"}}},{"name":"4","from":[0,1,14],"to":[16,3,16],"faces":{"north":{"uv":[0,13,16,15],"texture":"#1"},"east":{"uv":[0,13,2,15],"texture":"#1","cullface":"east"},"south":{"uv":[0,13,16,15],"texture":"#1","cullface":"south"},"west":{"uv":[14,13,16,15],"texture":"#1","cullface":"west"},"up":{"uv":[0,13,16,15],"texture":"#1"},"down":{"uv":[0,15,16,13],"texture":"#1"}}},{"name":"5","from":[12,15,15],"to":[14,16,16],"faces":{"north":{"uv":[2,0,4,1],"texture":"#1"},"east":{"uv":[3,0,4,1],"texture":"#1"},"south":{"uv":[2,0,4,1],"texture":"#1","cullface":"south"},"west":{"uv":[2,0,3,1],"texture":"#1"},"up":{"uv":[2,0,4,1],"texture":"#1","cullface":"up"}}},{"name":"6","from":[2,15,15],"to":[4,16,16],"faces":{"north":{"uv":[12,0,14,1],"texture":"#1"},"east":{"uv":[12,0,13,1],"texture":"#1"},"south":{"uv":[12,0,14,1],"texture":"#1","cullface":"south"},"west":{"uv":[13,0,14,1],"texture":"#1"},"up":{"uv":[12,0,14,1],"texture":"#1","cullface":"up"}}},{"name":"7","from":[12,11,15],"to":[14,13,16],"faces":{"north":{"uv":[2,3,4,5],"texture":"#1"},"east":{"uv":[2,3,3,5],"texture":"#1"},"south":{"uv":[2,3,4,5],"texture":"#1","cullface":"south"},"west":{"uv":[3,3,4,5],"texture":"#1"}}},{"name":"8","from":[2,11,15],"to":[4,13,16],"faces":{"north":{"uv":[12,3,14,5],"texture":"#1"},"east":{"uv":[12,3,13,5],"texture":"#1"},"south":{"uv":[12,3,14,5],"texture":"#1","cullface":"south"},"west":{"uv":[13,3,14,5],"texture":"#1"}}},{"name":"9","from":[12,7,15],"to":[14,9,16],"faces":{"north":{"uv":[2,7,4,9],"texture":"#1"},"east":{"uv":[2,7,3,9],"texture":"#1"},"south":{"uv":[2,7,4,9],"texture":"#1","cullface":"south"},"west":{"uv":[3,7,4,9],"texture":"#1"}}},{"name":"10","from":[2,7,15],"to":[4,9,16],"faces":{"north":{"uv":[12,7,14,9],"texture":"#1"},"east":{"uv":[12,7,13,9],"texture":"#1"},"south":{"uv":[12,7,14,9],"texture":"#1","cullface":"south"},"west":{"uv":[13,7,14,9],"texture":"#1"}}},{"name":"11","from":[12,3,15],"to":[14,5,16],"faces":{"north":{"uv":[2,11,4,13],"texture":"#1"},"east":{"uv":[2,11,3,13],"texture":"#1"},"south":{"uv":[2,11,4,13],"texture":"#1","cullface":"south"},"west":{"uv":[3,11,4,13],"texture":"#1"}}},{"name":"12","from":[2,3,15],"to":[4,5,16],"faces":{"north":{"uv":[12,11,14,13],"texture":"#1"},"east":{"uv":[12,11,13,13],"texture":"#1"},"south":{"uv":[12,11,14,13],"texture":"#1","cullface":"south"},"west":{"uv":[13,11,14,13],"texture":"#1"}}},{"name":"13","from":[12,0,15],"to":[14,1,16],"faces":{"north":{"uv":[2,15,4,16],"texture":"#1"},"east":{"uv":[3,15,4,16],"texture":"#1"},"south":{"uv":[2,15,4,16],"texture":"#1","cullface":"south"},"west":{"uv":[2,15,3,16],"texture":"#1"},"down":{"uv":[2,15,4,16],"texture":"#1","cullface":"down"}}},{"name":"14","from":[2,0,15],"to":[4,1,16],"faces":{"north":{"uv":[2,15,4,16],"texture":"#1"},"east":{"uv":[3,15,4,16],"texture":"#1"},"south":{"uv":[2,15,4,16],"texture":"#1","cullface":"south"},"west":{"uv":[2,15,3,16],"texture":"#1"},"down":{"uv":[2,15,4,16],"texture":"#1","cullface":"down"}}}]}