{"credit":"Made by n3on_n3rd","ambientocclusion":false,"textures":{"particle":"block/redstone_dust_line","line":"block/redstone_dust_line","overlay":"block/redstone_dust_overlay"},"elements":[{"from":[6,0.05,0],"to":[10,0.05,16],"shade":false,"faces":{"up":{"uv":[6,0,10,16],"texture":"#line","tintindex":0},"down":{"uv":[6,16,10,0],"texture":"#line","tintindex":0}}},{"from":[6,0.05,0],"to":[10,0.051,16],"shade":false,"faces":{"up":{"uv":[6,0,10,16],"texture":"#overlay"},"down":{"uv":[6,16,10,0],"texture":"#overlay"}}}]}