{
	"credit": "Made by n3on_n3rd",
	"ambientocclusion": false,
	"textures": {
		"2": "block/redstone_torch",
		"particle": "block/redstone_torch"
	},
	"elements": [
		{
			"name": "top-bottom",
			"from": [7, 0, 7],
			"to": [9, 10.5, 9],
			"shade": false,
			"faces": {
				"north": {"uv": [7, 5.5, 9, 16], "texture": "#2"},
				"east": {"uv": [7, 5.5, 9, 16], "texture": "#2"},
				"south": {"uv": [7, 5.5, 9, 16], "texture": "#2"},
				"west": {"uv": [7, 5.5, 9, 16], "texture": "#2"},
				"up": {"uv": [7, 6, 9, 8], "texture": "#2"},
				"down": {"uv": [7, 13, 9, 15], "texture": "#2"}
			}
		},
		{
			"name": "east-west",
			"from": [7, 7.99, 6.505],
			"to": [9, 10.015, 9.495],
			"shade": false,
			"faces": {
				"north": {"uv": [7, 6, 9, 8], "texture": "#2"},
				"east": {"uv": [6.5, 6, 9.5, 8], "texture": "#2"},
				"south": {"uv": [7, 6, 9, 8], "texture": "#2"},
				"west": {"uv": [6.5, 6, 9.5, 8], "texture": "#2"},
				"up": {"uv": [7, 5.5, 9, 8.5], "texture": "#2"},
				"down": {"uv": [7, 5.5, 9, 8.5], "texture": "#2"}
			}
		},
		{
			"name": "north-south",
			"from": [6.505, 7.99, 7],
			"to": [9.495, 10.015, 9],
			"shade": false,
			"faces": {
				"north": {"uv": [6.5, 6, 9.5, 8], "texture": "#2"},
				"east": {"uv": [7, 6, 9, 8], "texture": "#2"},
				"south": {"uv": [6.5, 6, 9.5, 8], "texture": "#2"},
				"west": {"uv": [7, 6, 9, 8], "texture": "#2"},
				"up": {"uv": [6.5, 6, 9.5, 8], "texture": "#2"},
				"down": {"uv": [6.5, 6, 9.5, 8], "texture": "#2"}
			}
		}
	]
}