{
	"credit": "Made by n3on_n3rd",
	"ambientocclusion": false,
	"textures": {
		"2": "block/redstone_torch",
		"particle": "block/redstone_torch"
	},
	"elements": [
		{
			"name": "top-bottom",
			"from": [-1, 3.5, 7],
			"to": [1, 14, 9],
			"shade": false,
			"rotation": {"angle": -22.5, "axis": "z", "origin": [0, 3.5, 8]},
			"faces": {
				"north": {"uv": [7, 5.5, 9, 16], "texture": "#2"},
				"east": {"uv": [7, 5.5, 9, 16], "texture": "#2"},
				"south": {"uv": [7, 5.5, 9, 16], "texture": "#2"},
				"west": {"uv": [7, 5.5, 9, 16], "texture": "#2"},
				"up": {"uv": [7, 6, 9, 8], "texture": "#2"},
				"down": {"uv": [7, 13, 9, 15], "texture": "#2"}
			}
		},
		{
			"name": "east-west",
			"from": [-1, 11.49, 6.505],
			"to": [1, 13.515, 9.495],
			"shade": false,
			"rotation": {"angle": -22.5, "axis": "z", "origin": [0, 3.5, 8]},
			"faces": {
				"north": {"uv": [7, 6, 9, 8], "texture": "#2"},
				"east": {"uv": [6.5, 6, 9.5, 8], "texture": "#2"},
				"south": {"uv": [7, 6, 9, 8], "texture": "#2"},
				"west": {"uv": [6.5, 6, 9.5, 8], "texture": "#2"},
				"up": {"uv": [7, 5.5, 9, 8.5], "texture": "#2"},
				"down": {"uv": [7, 5.5, 9, 8.5], "texture": "#2"}
			}
		},
		{
			"name": "north-south",
			"from": [-1.495, 11.49, 7],
			"to": [1.495, 13.515, 9],
			"shade": false,
			"rotation": {"angle": -22.5, "axis": "z", "origin": [0, 3.5, 8]},
			"faces": {
				"north": {"uv": [6.5, 6, 9.5, 8], "texture": "#2"},
				"east": {"uv": [7, 6, 9, 8], "texture": "#2"},
				"south": {"uv": [6.5, 6, 9.5, 8], "texture": "#2"},
				"west": {"uv": [7, 6, 9, 8], "texture": "#2"},
				"up": {"uv": [6.5, 6, 9.5, 8], "texture": "#2"},
				"down": {"uv": [6.5, 6, 9.5, 8], "texture": "#2"}
			}
		}
	]
}