{"credit":"Made by n3on_n3rd","ambientocclusion":false,"textures":{"slab":"block/smooth_stone","particle":"block/repeater_on","top":"block/repeater_on","lit":"block/redstone_torch"},"elements":[{"from":[0,0,0],"to":[16,2,16],"faces":{"north":{"uv":[0,14,16,16],"texture":"#slab","cullface":"north"},"east":{"uv":[0,14,16,16],"texture":"#slab","cullface":"east"},"south":{"uv":[0,14,16,16],"texture":"#slab","cullface":"south"},"west":{"uv":[0,14,16,16],"texture":"#slab","cullface":"west"},"up":{"uv":[0,0,16,16],"texture":"#top"},"down":{"uv":[0,0,16,16],"texture":"#slab","cullface":"down"}}},{"from":[7,2,10],"to":[9,7.5,12],"faces":{"north":{"uv":[7,5.5,9,11],"texture":"#lit"},"east":{"uv":[7,5.5,9,11],"texture":"#lit"},"south":{"uv":[7,5.5,9,11],"texture":"#lit"},"west":{"uv":[7,5.5,9,11],"texture":"#lit"},"up":{"uv":[7,6,9,8],"texture":"#lit"}}},{"from":[7,4.99,9.505],"to":[9,7.015,12.495],"faces":{"north":{"uv":[7,6,9,8],"texture":"#lit"},"east":{"uv":[6.5,6,9.5,8],"texture":"#lit"},"south":{"uv":[7,6,9,8],"texture":"#lit"},"west":{"uv":[6.5,6,9.5,8],"texture":"#lit"},"up":{"uv":[7,5.5,9,8.5],"texture":"#lit"},"down":{"uv":[7,5.5,9,8.5],"texture":"#lit"}}},{"from":[6.505,4.99,10],"to":[9.495,7.015,12],"faces":{"north":{"uv":[6.5,6,9.5,8],"texture":"#lit"},"east":{"uv":[7,6,9,8],"texture":"#lit"},"south":{"uv":[6.5,6,9.5,8],"texture":"#lit"},"west":{"uv":[7,6,9,8],"texture":"#lit"},"up":{"uv":[6.5,6,9.5,8],"texture":"#lit"},"down":{"uv":[6.5,6,9.5,8],"texture":"#lit"}}},{"from":[7,2,2],"to":[9,7.5,4],"faces":{"north":{"uv":[7,5.5,9,11],"texture":"#lit"},"east":{"uv":[7,5.5,9,11],"texture":"#lit"},"south":{"uv":[7,5.5,9,11],"texture":"#lit"},"west":{"uv":[7,5.5,9,11],"texture":"#lit"},"up":{"uv":[7,6,9,8],"texture":"#lit"}}},{"from":[7,4.99,1.505],"to":[9,7.015,4.495],"faces":{"north":{"uv":[7,6,9,8],"texture":"#lit"},"east":{"uv":[6.5,6,9.5,8],"texture":"#lit"},"south":{"uv":[7,6,9,8],"texture":"#lit"},"west":{"uv":[6.5,6,9.5,8],"texture":"#lit"},"up":{"uv":[7,5.5,9,8.5],"texture":"#lit"},"down":{"uv":[7,5.5,9,8.5],"texture":"#lit"}}},{"from":[6.505,4.99,2],"to":[9.495,7.015,4],"faces":{"north":{"uv":[6.5,6,9.5,8],"texture":"#lit"},"east":{"uv":[7,6,9,8],"texture":"#lit"},"south":{"uv":[6.5,6,9.5,8],"texture":"#lit"},"west":{"uv":[7,6,9,8],"texture":"#lit"},"up":{"uv":[6.5,6,9.5,8],"texture":"#lit"},"down":{"uv":[6.5,6,9.5,8],"texture":"#lit"}}}]}