{"credit":"Made by n3on_n3rd","textures":{"particle":"#texture"},"elements":[{"name":"Center post","from":[6,0,6],"to":[10,16,10],"faces":{"north":{"uv":[6,0,10,16],"texture":"#texture"},"east":{"uv":[6,0,10,16],"texture":"#texture"},"south":{"uv":[6,0,10,16],"texture":"#texture"},"west":{"uv":[6,0,10,16],"texture":"#texture"},"down":{"uv":[6,6,10,10],"texture":"#texture","cullface":"down"}}},{"name":"Center post","from":[6.001,16,6.001],"to":[9.999,24,9.999],"faces":{"north":{"uv":[6,7,10,16],"texture":"#texture"},"east":{"uv":[6,7,10,16],"texture":"#texture"},"south":{"uv":[6,7,10,16],"texture":"#texture"},"west":{"uv":[6,7,10,16],"texture":"#texture"},"up":{"uv":[6,6,10,10],"texture":"#texture","cullface":"up"}}}]}