{"credit":"Made by n3on_n3rd","textures":{"particle":"#texture"},"elements":[{"name":"top_bar","from":[6.001,22,0],"to":[9.999,24,6],"rotation":{"angle":0,"axis":"z","origin":[8,21.5,8]},"faces":{"north":{"uv":[6,0,10,2],"texture":"#texture","cullface":"north"},"east":{"uv":[0,1,6,3],"texture":"#texture"},"west":{"uv":[0,1,6,3],"texture":"#texture"},"up":{"uv":[6,0,10,6],"texture":"#texture"},"down":{"uv":[6,0,10,6],"texture":"#texture"}}},{"name":"middle_bar","from":[7,12,0],"to":[9,15,9],"faces":{"north":{"uv":[7,1,9,4],"texture":"#texture","cullface":"north"},"east":{"uv":[0,1,9,4],"texture":"#texture"},"west":{"uv":[0,1,9,4],"texture":"#texture"},"up":{"uv":[7,0,9,9],"texture":"#texture"},"down":{"uv":[7,0,9,9],"texture":"#texture"}}},{"name":"lower_bar","from":[7,6,0],"to":[9,9,9],"faces":{"north":{"uv":[7,7,9,10],"texture":"#texture","cullface":"north"},"east":{"uv":[0,7,9,10],"texture":"#texture"},"west":{"uv":[0,7,9,10],"texture":"#texture"},"up":{"uv":[7,0,9,9],"texture":"#texture"},"down":{"uv":[7,0,9,9],"texture":"#texture"}}}]}