{"credit":"Made by n3on_n3rd","textures":{"particle":"#wall"},"elements":[{"name":"wall","from":[5,0,0],"to":[11,14,8],"faces":{"north":{"uv":[5,2,11,16],"texture":"#wall","cullface":"north"},"east":{"uv":[8,2,16,16],"texture":"#wall"},"west":{"uv":[0,2,8,16],"texture":"#wall"},"up":{"uv":[5,0,11,8],"texture":"#wall"},"down":{"uv":[5,8,11,16],"texture":"#wall","cullface":"down"}}},{"name":"post","from":[5,14,0],"to":[11,22,8],"faces":{"north":{"uv":[5,2,11,10],"texture":"#wall"},"east":{"uv":[8,2,16,10],"texture":"#wall"},"west":{"uv":[0,2,8,10],"texture":"#wall"},"up":{"uv":[4,0,12,8],"texture":"#wall"},"down":{"uv":[4,0,12,8],"texture":"#wall"}}},{"name":"platform","from":[4.001,22,0],"to":[11.999,24,8],"faces":{"north":{"uv":[4,0,12,2],"texture":"#wall"},"east":{"uv":[8,0,16,2],"texture":"#wall"},"west":{"uv":[0,0,8,2],"texture":"#wall"},"up":{"uv":[4,0,12,8],"texture":"#wall"},"down":{"uv":[4,0,12,8],"texture":"#wall"}}}]}