{"credit":"Made by n3on_n3rd","textures":{"particle":"#wall"},"elements":[{"name":"Center post","from":[4,0,4],"to":[12,16,12],"faces":{"north":{"uv":[4,0,12,16],"texture":"#wall"},"east":{"uv":[4,0,12,16],"texture":"#wall"},"south":{"uv":[4,0,12,16],"texture":"#wall"},"west":{"uv":[4,0,12,16],"texture":"#wall"},"up":{"uv":[4,4,12,12],"texture":"#wall","cullface":"up"},"down":{"uv":[4,4,12,12],"texture":"#wall","cullface":"down"}}},{"name":"center_post2","from":[5,16,5],"to":[11,22,11],"faces":{"north":{"uv":[5,2,11,8],"texture":"#wall"},"east":{"uv":[5,2,11,8],"texture":"#wall"},"south":{"uv":[5,2,11,8],"texture":"#wall"},"west":{"uv":[5,2,11,8],"texture":"#wall"}}},{"name":"center_platform","from":[4.001,22,4.001],"to":[11.999,24,11.999],"faces":{"north":{"uv":[4,0,12,2],"texture":"#wall"},"east":{"uv":[4,0,12,2],"texture":"#wall"},"south":{"uv":[4,0,12,2],"texture":"#wall"},"west":{"uv":[4,0,12,2],"texture":"#wall"},"up":{"uv":[4,4,12,12],"texture":"#wall","cullface":"up"},"down":{"uv":[4,4,12,12],"texture":"#wall"}}}]}